{"cameraMode":{"drawMode":0,"name":"Shaded","section":"Shading Mode"},"sceneLighting":false,"audioPlay":false,"sceneViewState":{"m_AlwaysRefresh":false,"showFog":true,"showSkybox":false,"showFlares":true,"showImageEffects":true,"showParticleSystems":true,"showVisualEffectGraphs":true,"m_FxEnabled":true},"in2DMode":false,"pivot":{"x":-6.117457389831543,"y":-0.41855165362358096,"z":1.870713472366333},"rotation":{"x":0.025729509070515634,"y":-0.5764316320419312,"z":0.018163608387112619,"w":0.8165401220321655},"size":3.4950878620147707,"orthographic":false}