{"cameraMode":{"drawMode":0,"name":"Shaded","section":"Shading Mode"},"sceneLighting":true,"audioPlay":false,"sceneViewState":{"m_AlwaysRefresh":false,"showFog":true,"showSkybox":true,"showFlares":true,"showImageEffects":true,"showParticleSystems":true,"showVisualEffectGraphs":true,"m_FxEnabled":true},"in2DMode":false,"pivot":{"x":2.800525426864624,"y":0.9179511070251465,"z":-5.422967910766602},"rotation":{"x":-0.007400874979794025,"y":0.9515530467033386,"z":-0.30846521258354189,"w":-0.02037433162331581},"size":2.247114896774292,"orthographic":false}