{"cameraMode":{"drawMode":0,"name":"Shaded","section":"Shading Mode"},"sceneLighting":false,"audioPlay":false,"sceneViewState":{"m_AlwaysRefresh":false,"showFog":true,"showSkybox":false,"showFlares":true,"showImageEffects":true,"showParticleSystems":true,"showVisualEffectGraphs":true,"m_FxEnabled":true},"in2DMode":false,"pivot":{"x":-1.5703063011169434,"y":0.5689421892166138,"z":-0.03733057901263237},"rotation":{"x":-0.14317968487739564,"y":-0.5645356774330139,"z":0.10002041608095169,"w":-0.8071247935295105},"size":0.14011628925800324,"orthographic":false}