{"cameraMode":{"drawMode":0,"name":"Shaded","section":"Shading Mode"},"sceneLighting":false,"audioPlay":false,"sceneViewState":{"m_AlwaysRefresh":false,"showFog":true,"showSkybox":false,"showFlares":true,"showImageEffects":true,"showParticleSystems":true,"showVisualEffectGraphs":true,"m_FxEnabled":true},"in2DMode":false,"pivot":{"x":0.007281480357050896,"y":-0.22285667061805726,"z":-0.2114264965057373},"rotation":{"x":0.0011280664475634695,"y":0.9266067743301392,"z":-0.37602099776268008,"w":0.0027798309456557037},"size":0.4827815592288971,"orthographic":false}