{"cameraMode":{"drawMode":0,"name":"Shaded","section":"Shading Mode"},"sceneLighting":false,"audioPlay":false,"sceneViewState":{"m_AlwaysRefresh":false,"showFog":true,"showSkybox":false,"showFlares":true,"showImageEffects":true,"showParticleSystems":true,"showVisualEffectGraphs":true,"m_FxEnabled":true},"in2DMode":false,"pivot":{"x":2.4451918601989748,"y":1.6262478828430176,"z":-3.364426612854004},"rotation":{"x":0.02699270471930504,"y":-0.017094343900680543,"z":0.00046167627442628145,"w":0.9994902610778809},"size":0.23791515827178956,"orthographic":false}